NZ Port,Citizenship,Count,Year
Akaroa,Australia,73145,2015
Akaroa,Austria,125,2015
Akaroa,Belgium,158,2015
Akaroa,Brazil,314,2015
Akaroa,Canada,4522,2015
Akaroa,"China, Peoples Republic of",1507,2015
Akaroa,Denmark,143,2015
Akaroa,France,266,2015
Akaroa,Germany,1202,2015
Akaroa,Hong Kong (Special Admin Reg),417,2015
Akaroa,India,118,2015
Akaroa,Ireland,176,2015
Akaroa,Israel,243,2015
Akaroa,Italy,234,2015
Akaroa,Japan,845,2015
Akaroa,Malaysia,342,2015
Akaroa,Mexico,439,2015
Akaroa,Netherlands,383,2015
Akaroa,New Zealand,6294,2015
Akaroa,Philippines,145,2015
Akaroa,Russia,281,2015
Akaroa,Singapore,193,2015
Akaroa,South Africa,209,2015
Akaroa,Spain,105,2015
Akaroa,Sweden,276,2015
Akaroa,Switzerland,423,2015
Akaroa,Taiwan,177,2015
Akaroa,United Kingdom,8782,2015
Akaroa,United States of America,25142,2015
Auckland,Australia,92859,2015
Auckland,Austria,384,2015
Auckland,Belgium,328,2015
Auckland,Brazil,392,2015
Auckland,Canada,6010,2015
Auckland,Chile,124,2015
Auckland,"China, Peoples Republic of",2324,2015
Auckland,Denmark,285,2015
Auckland,Finland,105,2015
Auckland,France,1445,2015
Auckland,Germany,4244,2015
Auckland,Hong Kong (Special Admin Reg),549,2015
Auckland,India,217,2015
Auckland,Ireland,266,2015
Auckland,Israel,266,2015
Auckland,Italy,702,2015
Auckland,Japan,1451,2015
Auckland,"Korea, Republic of",156,2015
Auckland,Malaysia,441,2015
Auckland,Mexico,509,2015
Auckland,Netherlands,560,2015
Auckland,New Zealand,18642,2015
Auckland,Norway,150,2015
Auckland,Philippines,207,2015
Auckland,Portugal,101,2015
Auckland,Russia,372,2015
Auckland,Singapore,260,2015
Auckland,South Africa,365,2015
Auckland,Spain,303,2015
Auckland,Sweden,354,2015
Auckland,Switzerland,901,2015
Auckland,Taiwan,246,2015
Auckland,United Kingdom,11575,2015
Auckland,United States of America,30840,2015
Bay of Islands,Australia,30910,2015
Bay of Islands,Austria,183,2015
Bay of Islands,Canada,2490,2015
Bay of Islands,"China, Peoples Republic of",350,2015
Bay of Islands,Denmark,183,2015
Bay of Islands,France,314,2015
Bay of Islands,Germany,2987,2015
Bay of Islands,Hong Kong (Special Admin Reg),210,2015
Bay of Islands,Ireland,110,2015
Bay of Islands,Israel,130,2015
Bay of Islands,Italy,103,2015
Bay of Islands,Japan,181,2015
Bay of Islands,Malaysia,118,2015
Bay of Islands,Mexico,105,2015
Bay of Islands,Netherlands,226,2015
Bay of Islands,New Zealand,1873,2015
Bay of Islands,Russia,150,2015
Bay of Islands,Singapore,109,2015
Bay of Islands,South Africa,111,2015
Bay of Islands,Sweden,170,2015
Bay of Islands,Switzerland,401,2015
Bay of Islands,United Kingdom,5526,2015
Bay of Islands,United States of America,11070,2015
Dunedin,Australia,76722,2015
Dunedin,Austria,158,2015
Dunedin,Belgium,138,2015
Dunedin,Brazil,309,2015
Dunedin,Canada,4203,2015
Dunedin,"China, Peoples Republic of",1521,2015
Dunedin,Denmark,143,2015
Dunedin,France,271,2015
Dunedin,Germany,1623,2015
Dunedin,Hong Kong (Special Admin Reg),444,2015
Dunedin,India,123,2015
Dunedin,Ireland,185,2015
Dunedin,Israel,248,2015
Dunedin,Italy,245,2015
Dunedin,Japan,857,2015
Dunedin,Malaysia,356,2015
Dunedin,Mexico,438,2015
Dunedin,Netherlands,372,2015
Dunedin,New Zealand,6251,2015
Dunedin,Philippines,148,2015
Dunedin,Russia,287,2015
Dunedin,Singapore,195,2015
Dunedin,South Africa,228,2015
Dunedin,Spain,110,2015
Dunedin,Sweden,283,2015
Dunedin,Switzerland,452,2015
Dunedin,Taiwan,180,2015
Dunedin,United Kingdom,9315,2015
Dunedin,United States of America,24443,2015
Fiordland,Australia,78418,2015
Fiordland,Austria,159,2015
Fiordland,Belgium,208,2015
Fiordland,Brazil,309,2015
Fiordland,Canada,4189,2015
Fiordland,"China, Peoples Republic of",1525,2015
Fiordland,Denmark,146,2015
Fiordland,France,414,2015
Fiordland,Germany,1624,2015
Fiordland,Hong Kong (Special Admin Reg),440,2015
Fiordland,India,122,2015
Fiordland,Ireland,185,2015
Fiordland,Israel,247,2015
Fiordland,Italy,245,2015
Fiordland,Japan,1380,2015
Fiordland,Malaysia,352,2015
Fiordland,Mexico,436,2015
Fiordland,Netherlands,367,2015
Fiordland,New Zealand,6676,2015
Fiordland,Philippines,150,2015
Fiordland,Russia,284,2015
Fiordland,Singapore,202,2015
Fiordland,South Africa,235,2015
Fiordland,Spain,121,2015
Fiordland,Sweden,279,2015
Fiordland,Switzerland,480,2015
Fiordland,Taiwan,180,2015
Fiordland,United Kingdom,9783,2015
Fiordland,United States of America,24092,2015
Golden Bay,Germany,404,2015
Kaikoura,Australia,281,2015
Kaikoura,United Kingdom,161,2015
Kaikoura,United States of America,734,2015
Lyttelton,Germany,405,2015
Marlborough Sounds,Australia,26483,2015
Marlborough Sounds,Austria,110,2015
Marlborough Sounds,Belgium,135,2015
Marlborough Sounds,Brazil,120,2015
Marlborough Sounds,Canada,2462,2015
Marlborough Sounds,"China, Peoples Republic of",685,2015
Marlborough Sounds,France,243,2015
Marlborough Sounds,Germany,1283,2015
Marlborough Sounds,Hong Kong (Special Admin Reg),210,2015
Marlborough Sounds,Israel,121,2015
Marlborough Sounds,Italy,126,2015
Marlborough Sounds,Japan,181,2015
Marlborough Sounds,Malaysia,169,2015
Marlborough Sounds,Mexico,131,2015
Marlborough Sounds,Netherlands,193,2015
Marlborough Sounds,New Zealand,1193,2015
Marlborough Sounds,South Africa,166,2015
Marlborough Sounds,Switzerland,335,2015
Marlborough Sounds,United Kingdom,4059,2015
Marlborough Sounds,United States of America,11468,2015
Napier,Australia,68351,2015
Napier,Austria,110,2015
Napier,Brazil,192,2015
Napier,Canada,2497,2015
Napier,"China, Peoples Republic of",1137,2015
Napier,France,130,2015
Napier,Germany,969,2015
Napier,Hong Kong (Special Admin Reg),228,2015
Napier,Ireland,102,2015
Napier,Israel,123,2015
Napier,Italy,248,2015
Napier,Japan,180,2015
Napier,Malaysia,268,2015
Napier,Mexico,131,2015
Napier,Netherlands,312,2015
Napier,New Zealand,3007,2015
Napier,Philippines,100,2015
Napier,Russia,159,2015
Napier,Singapore,130,2015
Napier,South Africa,153,2015
Napier,Switzerland,245,2015
Napier,Taiwan,119,2015
Napier,United Kingdom,3754,2015
Napier,United States of America,12053,2015
Nelson,France,161,2015
Nelson,Germany,407,2015
Nelson,United States of America,309,2015
Stewart Island,Australia,405,2015
Stewart Island,Germany,492,2015
Stewart Island,United Kingdom,393,2015
Stewart Island,United States of America,1346,2015
Tauranga,Australia,86366,2015
Tauranga,Austria,210,2015
Tauranga,Belgium,225,2015
Tauranga,Brazil,361,2015
Tauranga,Canada,4836,2015
Tauranga,Chile,116,2015
Tauranga,"China, Peoples Republic of",1969,2015
Tauranga,France,480,2015
Tauranga,Germany,3410,2015
Tauranga,Hong Kong (Special Admin Reg),536,2015
Tauranga,India,152,2015
Tauranga,Ireland,211,2015
Tauranga,Israel,259,2015
Tauranga,Italy,339,2015
Tauranga,Japan,890,2015
Tauranga,Malaysia,418,2015
Tauranga,Mexico,481,2015
Tauranga,Netherlands,436,2015
Tauranga,New Zealand,6805,2015
Tauranga,Norway,107,2015
Tauranga,Philippines,186,2015
Tauranga,Russia,336,2015
Tauranga,Singapore,248,2015
Tauranga,South Africa,266,2015
Tauranga,Spain,159,2015
Tauranga,Sweden,229,2015
Tauranga,Switzerland,520,2015
Tauranga,Taiwan,234,2015
Tauranga,United Kingdom,9222,2015
Tauranga,United States of America,25932,2015
Timaru,Australia,174,2015
Timaru,Germany,423,2015
Timaru,United Kingdom,161,2015
Timaru,United States of America,997,2015
Wellington,Australia,88867,2015
Wellington,Austria,180,2015
Wellington,Belgium,215,2015
Wellington,Brazil,400,2015
Wellington,Canada,4064,2015
Wellington,Chile,109,2015
Wellington,"China, Peoples Republic of",1416,2015
Wellington,Denmark,145,2015
Wellington,France,395,2015
Wellington,Germany,1882,2015
Wellington,Hong Kong (Special Admin Reg),506,2015
Wellington,India,140,2015
Wellington,Ireland,217,2015
Wellington,Israel,232,2015
Wellington,Italy,315,2015
Wellington,Japan,358,2015
Wellington,Malaysia,384,2015
Wellington,Mexico,464,2015
Wellington,Netherlands,403,2015
Wellington,New Zealand,4427,2015
Wellington,Norway,100,2015
Wellington,Philippines,170,2015
Wellington,Russia,286,2015
Wellington,Singapore,236,2015
Wellington,South Africa,286,2015
Wellington,Spain,148,2015
Wellington,Sweden,251,2015
Wellington,Switzerland,393,2015
Wellington,Taiwan,174,2015
Wellington,United Kingdom,8628,2015
Wellington,United States of America,22088,2015
Akaroa,Argentina,130,2016
Akaroa,Australia,69327,2016
Akaroa,Austria,142,2016
Akaroa,Belgium,230,2016
Akaroa,Brazil,203,2016
Akaroa,Canada,5187,2016
Akaroa,"China, Peoples Republic of",2027,2016
Akaroa,Denmark,131,2016
Akaroa,France,340,2016
Akaroa,Germany,1711,2016
Akaroa,Hong Kong (Special Admin Reg),258,2016
Akaroa,India,167,2016
Akaroa,Ireland,216,2016
Akaroa,Israel,265,2016
Akaroa,Italy,188,2016
Akaroa,Japan,784,2016
Akaroa,Malaysia,280,2016
Akaroa,Mexico,397,2016
Akaroa,Netherlands,445,2016
Akaroa,New Zealand,7154,2016
Akaroa,Norway,113,2016
Akaroa,Philippines,205,2016
Akaroa,Poland,118,2016
Akaroa,Portugal,120,2016
Akaroa,Russia,160,2016
Akaroa,Singapore,233,2016
Akaroa,South Africa,185,2016
Akaroa,Spain,167,2016
Akaroa,Sweden,257,2016
Akaroa,Switzerland,477,2016
Akaroa,Taiwan,175,2016
Akaroa,United Kingdom,11409,2016
Akaroa,United States of America,24494,2016
Auckland,Argentina,201,2016
Auckland,Australia,118394,2016
Auckland,Austria,459,2016
Auckland,Belgium,299,2016
Auckland,Brazil,278,2016
Auckland,Canada,6152,2016
Auckland,Chile,191,2016
Auckland,"China, Peoples Republic of",3519,2016
Auckland,Denmark,305,2016
Auckland,Finland,132,2016
Auckland,France,1303,2016
Auckland,Germany,5128,2016
Auckland,Hong Kong (Special Admin Reg),326,2016
Auckland,India,318,2016
Auckland,Indonesia,138,2016
Auckland,Ireland,353,2016
Auckland,Israel,410,2016
Auckland,Italy,745,2016
Auckland,Japan,1228,2016
Auckland,"Korea, Republic of",236,2016
Auckland,Malaysia,420,2016
Auckland,Mexico,491,2016
Auckland,Netherlands,677,2016
Auckland,New Zealand,25727,2016
Auckland,Norway,160,2016
Auckland,Philippines,299,2016
Auckland,Poland,171,2016
Auckland,Portugal,122,2016
Auckland,Russia,222,2016
Auckland,Singapore,371,2016
Auckland,South Africa,410,2016
Auckland,Spain,518,2016
Auckland,Sweden,374,2016
Auckland,Switzerland,1374,2016
Auckland,Taiwan,235,2016
Auckland,United Kingdom,15232,2016
Auckland,United States of America,29083,2016
Bay of Islands,Australia,60733,2016
Bay of Islands,Austria,273,2016
Bay of Islands,Belgium,228,2016
Bay of Islands,Brazil,205,2016
Bay of Islands,Canada,4018,2016
Bay of Islands,Chile,121,2016
Bay of Islands,"China, Peoples Republic of",1538,2016
Bay of Islands,Denmark,191,2016
Bay of Islands,Finland,100,2016
Bay of Islands,France,604,2016
Bay of Islands,Germany,3385,2016
Bay of Islands,Hong Kong (Special Admin Reg),157,2016
Bay of Islands,India,118,2016
Bay of Islands,Ireland,219,2016
Bay of Islands,Israel,274,2016
Bay of Islands,Italy,326,2016
Bay of Islands,Japan,421,2016
Bay of Islands,Malaysia,201,2016
Bay of Islands,Mexico,309,2016
Bay of Islands,Netherlands,390,2016
Bay of Islands,New Zealand,6886,2016
Bay of Islands,Norway,112,2016
Bay of Islands,Philippines,127,2016
Bay of Islands,Russia,125,2016
Bay of Islands,Singapore,228,2016
Bay of Islands,South Africa,198,2016
Bay of Islands,Spain,336,2016
Bay of Islands,Sweden,254,2016
Bay of Islands,Switzerland,791,2016
Bay of Islands,Taiwan,131,2016
Bay of Islands,United Kingdom,10231,2016
Bay of Islands,United States of America,16851,2016
Bluff,Australia,115,2016
Dunedin,Argentina,139,2016
Dunedin,Australia,85665,2016
Dunedin,Austria,153,2016
Dunedin,Belgium,232,2016
Dunedin,Brazil,218,2016
Dunedin,Canada,5236,2016
Dunedin,"China, Peoples Republic of",2117,2016
Dunedin,Denmark,144,2016
Dunedin,France,236,2016
Dunedin,Germany,1807,2016
Dunedin,Hong Kong (Special Admin Reg),294,2016
Dunedin,India,200,2016
Dunedin,Indonesia,107,2016
Dunedin,Ireland,244,2016
Dunedin,Israel,329,2016
Dunedin,Italy,216,2016
Dunedin,Japan,845,2016
Dunedin,"Korea, Republic of",106,2016
Dunedin,Malaysia,335,2016
Dunedin,Mexico,444,2016
Dunedin,Netherlands,463,2016
Dunedin,New Zealand,6006,2016
Dunedin,Norway,114,2016
Dunedin,Philippines,227,2016
Dunedin,Poland,127,2016
Dunedin,Portugal,139,2016
Dunedin,Russia,181,2016
Dunedin,Singapore,307,2016
Dunedin,South Africa,228,2016
Dunedin,Spain,179,2016
Dunedin,Sweden,266,2016
Dunedin,Switzerland,476,2016
Dunedin,Taiwan,197,2016
Dunedin,United Kingdom,11527,2016
Dunedin,United States of America,25195,2016
Fiordland,Argentina,139,2016
Fiordland,Australia,86110,2016
Fiordland,Austria,180,2016
Fiordland,Belgium,244,2016
Fiordland,Brazil,220,2016
Fiordland,Canada,5364,2016
Fiordland,"China, Peoples Republic of",2329,2016
Fiordland,Denmark,148,2016
Fiordland,France,298,2016
Fiordland,Germany,2147,2016
Fiordland,Hong Kong (Special Admin Reg),292,2016
Fiordland,India,207,2016
Fiordland,Indonesia,114,2016
Fiordland,Ireland,251,2016
Fiordland,Israel,329,2016
Fiordland,Italy,219,2016
Fiordland,Japan,1145,2016
Fiordland,"Korea, Republic of",118,2016
Fiordland,Malaysia,341,2016
Fiordland,Mexico,445,2016
Fiordland,Netherlands,484,2016
Fiordland,New Zealand,7464,2016
Fiordland,Norway,118,2016
Fiordland,Philippines,227,2016
Fiordland,Poland,127,2016
Fiordland,Portugal,139,2016
Fiordland,Russia,181,2016
Fiordland,Singapore,310,2016
Fiordland,South Africa,244,2016
Fiordland,Spain,182,2016
Fiordland,Sweden,271,2016
Fiordland,Switzerland,526,2016
Fiordland,Taiwan,200,2016
Fiordland,United Kingdom,12301,2016
Fiordland,United States of America,25631,2016
Gisborne,Australia,22615,2016
Gisborne,Canada,221,2016
Gisborne,"China, Peoples Republic of",278,2016
Gisborne,Germany,100,2016
Gisborne,New Zealand,1631,2016
Gisborne,United Kingdom,944,2016
Gisborne,United States of America,1718,2016
Lyttelton,Germany,770,2016
Lyttelton,Japan,297,2016
Marlborough Sounds,Australia,44698,2016
Marlborough Sounds,Canada,2599,2016
Marlborough Sounds,"China, Peoples Republic of",1199,2016
Marlborough Sounds,France,244,2016
Marlborough Sounds,Germany,547,2016
Marlborough Sounds,Hong Kong (Special Admin Reg),116,2016
Marlborough Sounds,India,105,2016
Marlborough Sounds,Ireland,104,2016
Marlborough Sounds,Israel,196,2016
Marlborough Sounds,Japan,506,2016
Marlborough Sounds,"Korea, Republic of",115,2016
Marlborough Sounds,Malaysia,159,2016
Marlborough Sounds,Mexico,178,2016
Marlborough Sounds,Netherlands,293,2016
Marlborough Sounds,New Zealand,3745,2016
Marlborough Sounds,Philippines,123,2016
Marlborough Sounds,Singapore,158,2016
Marlborough Sounds,South Africa,142,2016
Marlborough Sounds,Sweden,104,2016
Marlborough Sounds,Switzerland,160,2016
Marlborough Sounds,United Kingdom,3478,2016
Marlborough Sounds,United States of America,13655,2016
Napier,Australia,52768,2016
Napier,Canada,2261,2016
Napier,"China, Peoples Republic of",1513,2016
Napier,France,142,2016
Napier,Germany,1209,2016
Napier,Hong Kong (Special Admin Reg),105,2016
Napier,India,136,2016
Napier,Ireland,126,2016
Napier,Israel,200,2016
Napier,Italy,116,2016
Napier,Japan,114,2016
Napier,"Korea, Republic of",145,2016
Napier,Malaysia,168,2016
Napier,Mexico,105,2016
Napier,Netherlands,316,2016
Napier,New Zealand,4799,2016
Napier,Philippines,183,2016
Napier,Singapore,136,2016
Napier,South Africa,152,2016
Napier,Switzerland,241,2016
Napier,United Kingdom,3391,2016
Napier,United States of America,10265,2016
Stewart Island,"China, Peoples Republic of",209,2016
Stewart Island,Germany,800,2016
Stewart Island,New Zealand,1336,2016
Stewart Island,United Kingdom,259,2016
Stewart Island,United States of America,404,2016
Sub-Antarctic islands,Australia,115,2016
Tauranga,Argentina,167,2016
Tauranga,Australia,103251,2016
Tauranga,Austria,193,2016
Tauranga,Belgium,239,2016
Tauranga,Brazil,246,2016
Tauranga,Canada,5295,2016
Tauranga,Chile,122,2016
Tauranga,"China, Peoples Republic of",2491,2016
Tauranga,Denmark,173,2016
Tauranga,France,611,2016
Tauranga,Germany,2192,2016
Tauranga,Hong Kong (Special Admin Reg),319,2016
Tauranga,India,214,2016
Tauranga,Indonesia,117,2016
Tauranga,Ireland,274,2016
Tauranga,Israel,393,2016
Tauranga,Italy,425,2016
Tauranga,Japan,864,2016
Tauranga,"Korea, Republic of",146,2016
Tauranga,Malaysia,367,2016
Tauranga,Mexico,453,2016
Tauranga,Netherlands,504,2016
Tauranga,New Zealand,5802,2016
Tauranga,Norway,115,2016
Tauranga,Philippines,276,2016
Tauranga,Poland,131,2016
Tauranga,Russia,184,2016
Tauranga,Singapore,327,2016
Tauranga,South Africa,245,2016
Tauranga,Spain,352,2016
Tauranga,Sweden,298,2016
Tauranga,Switzerland,687,2016
Tauranga,Taiwan,199,2016
Tauranga,United Kingdom,10656,2016
Tauranga,United States of America,24987,2016
Wellington,Argentina,157,2016
Wellington,Australia,98383,2016
Wellington,Austria,191,2016
Wellington,Belgium,239,2016
Wellington,Brazil,249,2016
Wellington,Canada,5299,2016
Wellington,Chile,131,2016
Wellington,"China, Peoples Republic of",2485,2016
Wellington,Denmark,164,2016
Wellington,France,361,2016
Wellington,Germany,2357,2016
Wellington,Hong Kong (Special Admin Reg),267,2016
Wellington,India,237,2016
Wellington,Indonesia,130,2016
Wellington,Ireland,285,2016
Wellington,Israel,395,2016
Wellington,Italy,256,2016
Wellington,Japan,680,2016
Wellington,"Korea, Republic of",157,2016
Wellington,Malaysia,339,2016
Wellington,Mexico,476,2016
Wellington,Netherlands,496,2016
Wellington,New Zealand,6970,2016
Wellington,Norway,129,2016
Wellington,Philippines,261,2016
Wellington,Poland,138,2016
Wellington,Portugal,138,2016
Wellington,Russia,180,2016
Wellington,Singapore,328,2016
Wellington,South Africa,282,2016
Wellington,Spain,189,2016
Wellington,Sweden,280,2016
Wellington,Switzerland,557,2016
Wellington,Taiwan,177,2016
Wellington,United Kingdom,12235,2016
Wellington,United States of America,24737,2016
Akaroa,Argentina,127,2017
Akaroa,Australia,75112,2017
Akaroa,Austria,203,2017
Akaroa,Belgium,221,2017
Akaroa,Brazil,261,2017
Akaroa,Canada,6752,2017
Akaroa,"China, Peoples Republic of",2053,2017
Akaroa,Denmark,193,2017
Akaroa,Finland,113,2017
Akaroa,France,333,2017
Akaroa,Germany,2354,2017
Akaroa,Hong Kong (Special Admin Reg),908,2017
Akaroa,India,185,2017
Akaroa,Ireland,228,2017
Akaroa,Israel,269,2017
Akaroa,Italy,266,2017
Akaroa,Japan,743,2017
Akaroa,"Korea, Republic of",164,2017
Akaroa,Malaysia,301,2017
Akaroa,Mexico,316,2017
Akaroa,Netherlands,706,2017
Akaroa,New Zealand,7746,2017
Akaroa,Philippines,225,2017
Akaroa,Poland,122,2017
Akaroa,Portugal,193,2017
Akaroa,Russia,170,2017
Akaroa,Singapore,247,2017
Akaroa,South Africa,202,2017
Akaroa,Spain,205,2017
Akaroa,Sweden,217,2017
Akaroa,Switzerland,455,2017
Akaroa,Taiwan,377,2017
Akaroa,United Kingdom,11707,2017
Akaroa,United States of America,30641,2017
Auckland,Argentina,215,2017
Auckland,Australia,92435,2017
Auckland,Austria,664,2017
Auckland,Belgium,332,2017
Auckland,Brazil,415,2017
Auckland,Canada,8252,2017
Auckland,Chile,126,2017
Auckland,"China, Peoples Republic of",2634,2017
Auckland,Denmark,398,2017
Auckland,Finland,206,2017
Auckland,France,1365,2017
Auckland,Germany,6910,2017
Auckland,Hong Kong (Special Admin Reg),1007,2017
Auckland,India,241,2017
Auckland,Indonesia,170,2017
Auckland,Ireland,313,2017
Auckland,Israel,319,2017
Auckland,Italy,756,2017
Auckland,Japan,932,2017
Auckland,"Korea, Republic of",233,2017
Auckland,Malaysia,399,2017
Auckland,Mexico,438,2017
Auckland,Netherlands,932,2017
Auckland,New Zealand,14988,2017
Auckland,Norway,197,2017
Auckland,Philippines,265,2017
Auckland,Poland,178,2017
Auckland,Portugal,223,2017
Auckland,Russia,248,2017
Auckland,Singapore,297,2017
Auckland,South Africa,296,2017
Auckland,Spain,549,2017
Auckland,Sweden,404,2017
Auckland,Switzerland,1325,2017
Auckland,Taiwan,422,2017
Auckland,Thailand,106,2017
Auckland,United Kingdom,17266,2017
Auckland,United States of America,35598,2017
Bay of Islands,Australia,48685,2017
Bay of Islands,Austria,271,2017
Bay of Islands,Belgium,214,2017
Bay of Islands,Brazil,143,2017
Bay of Islands,Canada,3101,2017
Bay of Islands,"China, Peoples Republic of",920,2017
Bay of Islands,Denmark,239,2017
Bay of Islands,Finland,107,2017
Bay of Islands,France,444,2017
Bay of Islands,Germany,3555,2017
Bay of Islands,Hong Kong (Special Admin Reg),424,2017
Bay of Islands,Ireland,156,2017
Bay of Islands,Israel,128,2017
Bay of Islands,Italy,159,2017
Bay of Islands,Japan,393,2017
Bay of Islands,Malaysia,111,2017
Bay of Islands,Mexico,142,2017
Bay of Islands,Netherlands,356,2017
Bay of Islands,New Zealand,5601,2017
Bay of Islands,Russia,123,2017
Bay of Islands,Singapore,152,2017
Bay of Islands,South Africa,109,2017
Bay of Islands,Spain,154,2017
Bay of Islands,Sweden,172,2017
Bay of Islands,Switzerland,434,2017
Bay of Islands,Taiwan,124,2017
Bay of Islands,United Kingdom,8029,2017
Bay of Islands,United States of America,13102,2017
Bluff,Australia,105,2017
Bluff,Germany,1219,2017
Bluff,Switzerland,107,2017
Dunedin,Argentina,138,2017
Dunedin,Australia,88049,2017
Dunedin,Austria,275,2017
Dunedin,Belgium,237,2017
Dunedin,Brazil,306,2017
Dunedin,Canada,7142,2017
Dunedin,"China, Peoples Republic of",1990,2017
Dunedin,Denmark,205,2017
Dunedin,Finland,119,2017
Dunedin,France,360,2017
Dunedin,Germany,3528,2017
Dunedin,Hong Kong (Special Admin Reg),965,2017
Dunedin,India,187,2017
Dunedin,Indonesia,158,2017
Dunedin,Ireland,244,2017
Dunedin,Israel,316,2017
Dunedin,Italy,308,2017
Dunedin,Japan,764,2017
Dunedin,"Korea, Republic of",187,2017
Dunedin,Malaysia,372,2017
Dunedin,Mexico,413,2017
Dunedin,Netherlands,740,2017
Dunedin,New Zealand,6853,2017
Dunedin,Philippines,251,2017
Dunedin,Poland,135,2017
Dunedin,Portugal,206,2017
Dunedin,Russia,212,2017
Dunedin,Singapore,285,2017
Dunedin,South Africa,237,2017
Dunedin,Spain,224,2017
Dunedin,Sweden,235,2017
Dunedin,Switzerland,592,2017
Dunedin,Taiwan,399,2017
Dunedin,United Kingdom,12171,2017
Dunedin,United States of America,32388,2017
Fiordland,Argentina,138,2017
Fiordland,Australia,88140,2017
Fiordland,Austria,255,2017
Fiordland,Belgium,240,2017
Fiordland,Brazil,308,2017
Fiordland,Canada,7132,2017
Fiordland,"China, Peoples Republic of",2271,2017
Fiordland,Denmark,202,2017
Fiordland,Finland,119,2017
Fiordland,France,409,2017
Fiordland,Germany,3273,2017
Fiordland,Hong Kong (Special Admin Reg),968,2017
Fiordland,India,203,2017
Fiordland,Indonesia,160,2017
Fiordland,Ireland,247,2017
Fiordland,Israel,316,2017
Fiordland,Italy,306,2017
Fiordland,Japan,763,2017
Fiordland,"Korea, Republic of",192,2017
Fiordland,Malaysia,372,2017
Fiordland,Mexico,413,2017
Fiordland,Netherlands,760,2017
Fiordland,New Zealand,8165,2017
Fiordland,Philippines,257,2017
Fiordland,Poland,136,2017
Fiordland,Portugal,206,2017
Fiordland,Russia,214,2017
Fiordland,Singapore,283,2017
Fiordland,South Africa,256,2017
Fiordland,Spain,224,2017
Fiordland,Sweden,244,2017
Fiordland,Switzerland,562,2017
Fiordland,Taiwan,399,2017
Fiordland,United Kingdom,12772,2017
Fiordland,United States of America,32288,2017
Gisborne,Australia,20465,2017
Gisborne,Canada,598,2017
Gisborne,"China, Peoples Republic of",720,2017
Gisborne,Germany,111,2017
Gisborne,Japan,112,2017
Gisborne,Malaysia,109,2017
Gisborne,New Zealand,2357,2017
Gisborne,United Kingdom,1133,2017
Gisborne,United States of America,3523,2017
Golden Bay,Germany,196,2017
Kaikoura,Australia,225,2017
Kaikoura,Germany,231,2017
Kaikoura,United Kingdom,235,2017
Kaikoura,United States of America,712,2017
Lyttelton,Australia,148,2017
Lyttelton,Germany,1615,2017
Lyttelton,Switzerland,140,2017
Lyttelton,United Kingdom,111,2017
Lyttelton,United States of America,200,2017
Marlborough Sounds,Australia,39593,2017
Marlborough Sounds,Austria,182,2017
Marlborough Sounds,Brazil,202,2017
Marlborough Sounds,Canada,3534,2017
Marlborough Sounds,"China, Peoples Republic of",884,2017
Marlborough Sounds,France,150,2017
Marlborough Sounds,Germany,1853,2017
Marlborough Sounds,Hong Kong (Special Admin Reg),215,2017
Marlborough Sounds,India,106,2017
Marlborough Sounds,Indonesia,122,2017
Marlborough Sounds,Ireland,131,2017
Marlborough Sounds,Israel,112,2017
Marlborough Sounds,Italy,181,2017
Marlborough Sounds,Japan,369,2017
Marlborough Sounds,Malaysia,180,2017
Marlborough Sounds,Mexico,263,2017
Marlborough Sounds,Netherlands,521,2017
Marlborough Sounds,New Zealand,3171,2017
Marlborough Sounds,Philippines,122,2017
Marlborough Sounds,Russia,139,2017
Marlborough Sounds,Singapore,130,2017
Marlborough Sounds,South Africa,157,2017
Marlborough Sounds,Spain,114,2017
Marlborough Sounds,Switzerland,398,2017
Marlborough Sounds,Taiwan,151,2017
Marlborough Sounds,United Kingdom,4283,2017
Marlborough Sounds,United States of America,16474,2017
Mercury Bay,Germany,196,2017
Napier,Australia,42397,2017
Napier,Austria,125,2017
Napier,Brazil,164,2017
Napier,Canada,5052,2017
Napier,"China, Peoples Republic of",1249,2017
Napier,France,189,2017
Napier,Germany,1603,2017
Napier,Hong Kong (Special Admin Reg),279,2017
Napier,India,126,2017
Napier,Ireland,126,2017
Napier,Italy,127,2017
Napier,Japan,479,2017
Napier,"Korea, Republic of",119,2017
Napier,Malaysia,140,2017
Napier,Mexico,186,2017
Napier,Netherlands,550,2017
Napier,New Zealand,6141,2017
Napier,Philippines,149,2017
Napier,Poland,103,2017
Napier,Portugal,109,2017
Napier,Russia,146,2017
Napier,Singapore,111,2017
Napier,South Africa,136,2017
Napier,Spain,125,2017
Napier,Switzerland,323,2017
Napier,Taiwan,222,2017
Napier,United Kingdom,5960,2017
Napier,United States of America,20664,2017
Nelson,Germany,597,2017
Nelson,United Kingdom,150,2017
Nelson,United States of America,959,2017
New Plymouth,Germany,779,2017
New Plymouth,United States of America,190,2017
Stewart Island,Australia,250,2017
Stewart Island,"China, Peoples Republic of",274,2017
Stewart Island,Germany,629,2017
Stewart Island,New Zealand,1359,2017
Stewart Island,United Kingdom,320,2017
Stewart Island,United States of America,1407,2017
Sub-Antarctic islands,Australia,104,2017
Sub-Antarctic islands,Germany,196,2017
Tauranga,Argentina,150,2017
Tauranga,Australia,80873,2017
Tauranga,Austria,312,2017
Tauranga,Belgium,242,2017
Tauranga,Brazil,295,2017
Tauranga,Canada,7216,2017
Tauranga,"China, Peoples Republic of",2181,2017
Tauranga,Denmark,208,2017
Tauranga,Finland,116,2017
Tauranga,France,426,2017
Tauranga,Germany,3384,2017
Tauranga,Hong Kong (Special Admin Reg),1000,2017
Tauranga,India,193,2017
Tauranga,Indonesia,163,2017
Tauranga,Ireland,213,2017
Tauranga,Israel,318,2017
Tauranga,Italy,258,2017
Tauranga,Japan,731,2017
Tauranga,"Korea, Republic of",199,2017
Tauranga,Malaysia,372,2017
Tauranga,Mexico,393,2017
Tauranga,Netherlands,730,2017
Tauranga,New Zealand,6768,2017
Tauranga,Philippines,246,2017
Tauranga,Poland,140,2017
Tauranga,Portugal,189,2017
Tauranga,Russia,217,2017
Tauranga,Singapore,282,2017
Tauranga,South Africa,225,2017
Tauranga,Spain,230,2017
Tauranga,Sweden,239,2017
Tauranga,Switzerland,531,2017
Tauranga,Taiwan,408,2017
Tauranga,United Kingdom,11138,2017
Tauranga,United States of America,32018,2017
Timaru,Australia,171,2017
Timaru,Canada,237,2017
Timaru,Germany,660,2017
Timaru,United Kingdom,160,2017
Timaru,United States of America,1051,2017
Wellington,Argentina,158,2017
Wellington,Australia,85885,2017
Wellington,Austria,422,2017
Wellington,Belgium,255,2017
Wellington,Brazil,344,2017
Wellington,Canada,7212,2017
Wellington,"China, Peoples Republic of",2252,2017
Wellington,Denmark,277,2017
Wellington,Finland,153,2017
Wellington,France,615,2017
Wellington,Germany,4337,2017
Wellington,Hong Kong (Special Admin Reg),823,2017
Wellington,India,204,2017
Wellington,Indonesia,154,2017
Wellington,Ireland,261,2017
Wellington,Israel,309,2017
Wellington,Italy,486,2017
Wellington,Japan,556,2017
Wellington,"Korea, Republic of",190,2017
Wellington,Malaysia,361,2017
Wellington,Mexico,409,2017
Wellington,Netherlands,781,2017
Wellington,New Zealand,8189,2017
Wellington,Norway,153,2017
Wellington,Philippines,261,2017
Wellington,Poland,122,2017
Wellington,Portugal,214,2017
Wellington,Russia,223,2017
Wellington,Singapore,260,2017
Wellington,South Africa,269,2017
Wellington,Spain,330,2017
Wellington,Sweden,331,2017
Wellington,Switzerland,876,2017
Wellington,Taiwan,310,2017
Wellington,United Kingdom,13703,2017
Wellington,United States of America,31070,2017
Akaroa,Argentina,130,2018
Akaroa,Australia,58792,2018
Akaroa,Austria,259,2018
Akaroa,Belgium,198,2018
Akaroa,Brazil,264,2018
Akaroa,Canada,7460,2018
Akaroa,"China, Peoples Republic of",1672,2018
Akaroa,Denmark,251,2018
Akaroa,France,391,2018
Akaroa,Germany,1948,2018
Akaroa,Hong Kong (Special Admin Reg),606,2018
Akaroa,India,253,2018
Akaroa,Ireland,227,2018
Akaroa,Israel,447,2018
Akaroa,Italy,197,2018
Akaroa,Japan,543,2018
Akaroa,"Korea, Republic of",168,2018
Akaroa,Malaysia,269,2018
Akaroa,Mexico,446,2018
Akaroa,Netherlands,624,2018
Akaroa,New Zealand,6707,2018
Akaroa,Norway,132,2018
Akaroa,Philippines,200,2018
Akaroa,Russia,285,2018
Akaroa,Singapore,253,2018
Akaroa,South Africa,148,2018
Akaroa,Spain,332,2018
Akaroa,Sweden,329,2018
Akaroa,Switzerland,464,2018
Akaroa,Taiwan,410,2018
Akaroa,United Kingdom,10625,2018
Akaroa,United States of America,31354,2018
Auckland,Argentina,278,2018
Auckland,Australia,82116,2018
Auckland,Austria,389,2018
Auckland,Belgium,250,2018
Auckland,Brazil,463,2018
Auckland,Canada,10655,2018
Auckland,Chile,215,2018
Auckland,"China, Peoples Republic of",3158,2018
Auckland,Denmark,338,2018
Auckland,Finland,145,2018
Auckland,France,808,2018
Auckland,Germany,4290,2018
Auckland,Hong Kong (Special Admin Reg),741,2018
Auckland,India,363,2018
Auckland,Indonesia,205,2018
Auckland,Ireland,297,2018
Auckland,Israel,598,2018
Auckland,Italy,311,2018
Auckland,Japan,2453,2018
Auckland,"Korea, Republic of",277,2018
Auckland,Malaysia,360,2018
Auckland,Mexico,598,2018
Auckland,Netherlands,985,2018
Auckland,New Zealand,32557,2018
Auckland,Norway,181,2018
Auckland,Philippines,304,2018
Auckland,Poland,138,2018
Auckland,Portugal,141,2018
Auckland,Russia,363,2018
Auckland,Singapore,302,2018
Auckland,South Africa,325,2018
Auckland,Spain,406,2018
Auckland,Sweden,433,2018
Auckland,Switzerland,550,2018
Auckland,Taiwan,506,2018
Auckland,Thailand,109,2018
Auckland,United Kingdom,16337,2018
Auckland,United States of America,47005,2018
Bay of Islands,Argentina,141,2018
Bay of Islands,Australia,50824,2018
Bay of Islands,Austria,231,2018
Bay of Islands,Belgium,179,2018
Bay of Islands,Brazil,197,2018
Bay of Islands,Canada,5094,2018
Bay of Islands,Chile,122,2018
Bay of Islands,"China, Peoples Republic of",956,2018
Bay of Islands,Denmark,232,2018
Bay of Islands,Finland,120,2018
Bay of Islands,France,575,2018
Bay of Islands,Germany,3149,2018
Bay of Islands,Hong Kong (Special Admin Reg),394,2018
Bay of Islands,India,149,2018
Bay of Islands,Indonesia,172,2018
Bay of Islands,Ireland,175,2018
Bay of Islands,Israel,375,2018
Bay of Islands,Italy,174,2018
Bay of Islands,Japan,260,2018
Bay of Islands,"Korea, Republic of",116,2018
Bay of Islands,Malaysia,200,2018
Bay of Islands,Mexico,392,2018
Bay of Islands,Netherlands,349,2018
Bay of Islands,New Zealand,5207,2018
Bay of Islands,Norway,126,2018
Bay of Islands,Philippines,169,2018
Bay of Islands,Russia,140,2018
Bay of Islands,Singapore,183,2018
Bay of Islands,South Africa,149,2018
Bay of Islands,Spain,204,2018
Bay of Islands,Sweden,304,2018
Bay of Islands,Switzerland,248,2018
Bay of Islands,Taiwan,258,2018
Bay of Islands,United Kingdom,9009,2018
Bay of Islands,United States of America,22009,2018
Bluff,Australia,112,2018
Dunedin,Argentina,196,2018
Dunedin,Australia,91527,2018
Dunedin,Austria,309,2018
Dunedin,Belgium,233,2018
Dunedin,Brazil,434,2018
Dunedin,Canada,9303,2018
Dunedin,Chile,185,2018
Dunedin,"China, Peoples Republic of",2555,2018
Dunedin,Denmark,263,2018
Dunedin,Finland,118,2018
Dunedin,France,650,2018
Dunedin,Germany,2325,2018
Dunedin,Hong Kong (Special Admin Reg),792,2018
Dunedin,India,286,2018
Dunedin,Indonesia,329,2018
Dunedin,Ireland,274,2018
Dunedin,Israel,623,2018
Dunedin,Italy,304,2018
Dunedin,Japan,745,2018
Dunedin,"Korea, Republic of",234,2018
Dunedin,Malaysia,483,2018
Dunedin,Mexico,667,2018
Dunedin,Netherlands,774,2018
Dunedin,New Zealand,6943,2018
Dunedin,Norway,149,2018
Dunedin,Philippines,329,2018
Dunedin,Poland,107,2018
Dunedin,Portugal,156,2018
Dunedin,Russia,415,2018
Dunedin,Singapore,459,2018
Dunedin,South Africa,240,2018
Dunedin,Spain,400,2018
Dunedin,Sweden,353,2018
Dunedin,Switzerland,550,2018
Dunedin,Taiwan,517,2018
Dunedin,Thailand,102,2018
Dunedin,United Kingdom,12636,2018
Dunedin,United States of America,41512,2018
Fiordland,Argentina,179,2018
Fiordland,Australia,84607,2018
Fiordland,Austria,295,2018
Fiordland,Belgium,233,2018
Fiordland,Brazil,424,2018
Fiordland,Canada,8857,2018
Fiordland,Chile,180,2018
Fiordland,"China, Peoples Republic of",2261,2018
Fiordland,Denmark,253,2018
Fiordland,France,553,2018
Fiordland,Germany,2070,2018
Fiordland,Hong Kong (Special Admin Reg),710,2018
Fiordland,India,276,2018
Fiordland,Indonesia,308,2018
Fiordland,Ireland,261,2018
Fiordland,Israel,597,2018
Fiordland,Italy,275,2018
Fiordland,Japan,2396,2018
Fiordland,"Korea, Republic of",216,2018
Fiordland,Malaysia,358,2018
Fiordland,Mexico,612,2018
Fiordland,Netherlands,760,2018
Fiordland,New Zealand,6636,2018
Fiordland,Norway,125,2018
Fiordland,Philippines,302,2018
Fiordland,Poland,110,2018
Fiordland,Portugal,149,2018
Fiordland,Russia,395,2018
Fiordland,Singapore,332,2018
Fiordland,South Africa,231,2018
Fiordland,Spain,400,2018
Fiordland,Sweden,332,2018
Fiordland,Switzerland,532,2018
Fiordland,Taiwan,473,2018
Fiordland,Thailand,102,2018
Fiordland,United Kingdom,11690,2018
Fiordland,United States of America,39070,2018
Gisborne,Australia,4351,2018
Gisborne,Canada,116,2018
Gisborne,"China, Peoples Republic of",225,2018
Gisborne,United Kingdom,488,2018
Gisborne,United States of America,1458,2018
Kaikoura,Australia,280,2018
Kaikoura,United Kingdom,235,2018
Kaikoura,United States of America,909,2018
Lyttelton,Australia,350,2018
Lyttelton,Canada,214,2018
Lyttelton,Japan,1004,2018
Lyttelton,United Kingdom,316,2018
Lyttelton,United States of America,2377,2018
Marlborough Sounds,Australia,32654,2018
Marlborough Sounds,Austria,223,2018
Marlborough Sounds,Belgium,150,2018
Marlborough Sounds,Brazil,263,2018
Marlborough Sounds,Canada,4900,2018
Marlborough Sounds,Chile,126,2018
Marlborough Sounds,"China, Peoples Republic of",1256,2018
Marlborough Sounds,France,211,2018
Marlborough Sounds,Germany,1499,2018
Marlborough Sounds,Hong Kong (Special Admin Reg),317,2018
Marlborough Sounds,India,179,2018
Marlborough Sounds,Indonesia,164,2018
Marlborough Sounds,Ireland,142,2018
Marlborough Sounds,Israel,194,2018
Marlborough Sounds,Italy,131,2018
Marlborough Sounds,Japan,241,2018
Marlborough Sounds,"Korea, Republic of",116,2018
Marlborough Sounds,Malaysia,252,2018
Marlborough Sounds,Mexico,395,2018
Marlborough Sounds,Netherlands,547,2018
Marlborough Sounds,New Zealand,3807,2018
Marlborough Sounds,Philippines,149,2018
Marlborough Sounds,Russia,268,2018
Marlborough Sounds,Singapore,234,2018
Marlborough Sounds,Spain,230,2018
Marlborough Sounds,Sweden,131,2018
Marlborough Sounds,Switzerland,392,2018
Marlborough Sounds,Taiwan,231,2018
Marlborough Sounds,United Kingdom,6883,2018
Marlborough Sounds,United States of America,20701,2018
Napier,Argentina,169,2018
Napier,Australia,43970,2018
Napier,Austria,185,2018
Napier,Brazil,258,2018
Napier,Canada,6481,2018
Napier,"China, Peoples Republic of",1551,2018
Napier,Denmark,203,2018
Napier,France,265,2018
Napier,Germany,1770,2018
Napier,Hong Kong (Special Admin Reg),338,2018
Napier,India,180,2018
Napier,Indonesia,166,2018
Napier,Israel,238,2018
Napier,Italy,163,2018
Napier,Japan,377,2018
Napier,"Korea, Republic of",108,2018
Napier,Malaysia,300,2018
Napier,Mexico,303,2018
Napier,Netherlands,597,2018
Napier,New Zealand,7043,2018
Napier,Philippines,202,2018
Napier,Russia,198,2018
Napier,Singapore,274,2018
Napier,South Africa,108,2018
Napier,Spain,217,2018
Napier,Sweden,173,2018
Napier,Switzerland,240,2018
Napier,Taiwan,297,2018
Napier,United Kingdom,7420,2018
Napier,United States of America,26833,2018
Nelson,United Kingdom,115,2018
Nelson,United States of America,570,2018
Stewart Island,Australia,2719,2018
Stewart Island,Canada,314,2018
Stewart Island,"China, Peoples Republic of",164,2018
Stewart Island,New Zealand,1382,2018
Stewart Island,United Kingdom,549,2018
Stewart Island,United States of America,2652,2018
Tauranga,Argentina,246,2018
Tauranga,Australia,69221,2018
Tauranga,Austria,269,2018
Tauranga,Belgium,222,2018
Tauranga,Brazil,357,2018
Tauranga,Canada,8954,2018
Tauranga,Chile,183,2018
Tauranga,"China, Peoples Republic of",1908,2018
Tauranga,Denmark,200,2018
Tauranga,France,650,2018
Tauranga,Germany,2810,2018
Tauranga,Hong Kong (Special Admin Reg),724,2018
Tauranga,India,219,2018
Tauranga,Indonesia,190,2018
Tauranga,Ireland,219,2018
Tauranga,Israel,543,2018
Tauranga,Italy,278,2018
Tauranga,Japan,726,2018
Tauranga,"Korea, Republic of",176,2018
Tauranga,Malaysia,314,2018
Tauranga,Mexico,484,2018
Tauranga,Netherlands,834,2018
Tauranga,New Zealand,6829,2018
Tauranga,Norway,117,2018
Tauranga,Philippines,261,2018
Tauranga,Poland,108,2018
Tauranga,Portugal,122,2018
Tauranga,Russia,271,2018
Tauranga,Singapore,278,2018
Tauranga,South Africa,201,2018
Tauranga,Spain,380,2018
Tauranga,Sweden,320,2018
Tauranga,Switzerland,428,2018
Tauranga,Taiwan,485,2018
Tauranga,United Kingdom,11535,2018
Tauranga,United States of America,40293,2018
Wellington,Argentina,232,2018
Wellington,Australia,78434,2018
Wellington,Austria,330,2018
Wellington,Belgium,211,2018
Wellington,Brazil,386,2018
Wellington,Canada,8833,2018
Wellington,Chile,171,2018
Wellington,"China, Peoples Republic of",2084,2018
Wellington,Denmark,286,2018
Wellington,France,650,2018
Wellington,Germany,2958,2018
Wellington,Hong Kong (Special Admin Reg),696,2018
Wellington,India,286,2018
Wellington,Indonesia,229,2018
Wellington,Ireland,261,2018
Wellington,Israel,533,2018
Wellington,Italy,254,2018
Wellington,Japan,1153,2018
Wellington,"Korea, Republic of",239,2018
Wellington,Malaysia,421,2018
Wellington,Mexico,565,2018
Wellington,Netherlands,729,2018
Wellington,New Zealand,7345,2018
Wellington,Norway,154,2018
Wellington,Philippines,261,2018
Wellington,Portugal,140,2018
Wellington,Russia,352,2018
Wellington,Singapore,399,2018
Wellington,South Africa,176,2018
Wellington,Spain,393,2018
Wellington,Sweden,335,2018
Wellington,Switzerland,532,2018
Wellington,Taiwan,398,2018
Wellington,United Kingdom,12990,2018
Wellington,United States of America,37533,2018
Akaroa,Argentina,287,2019
Akaroa,Australia,94313,2019
Akaroa,Austria,260,2019
Akaroa,Belgium,144,2019
Akaroa,Brazil,359,2019
Akaroa,Canada,9611,2019
Akaroa,Chile,197,2019
Akaroa,"China, Peoples Republic of",3324,2019
Akaroa,Denmark,331,2019
Akaroa,Finland,132,2019
Akaroa,France,501,2019
Akaroa,Germany,2783,2019
Akaroa,Hong Kong (Special Admin Reg),509,2019
Akaroa,India,262,2019
Akaroa,Indonesia,242,2019
Akaroa,Ireland,275,2019
Akaroa,Israel,416,2019
Akaroa,Italy,248,2019
Akaroa,Japan,1009,2019
Akaroa,"Korea, Republic of",226,2019
Akaroa,Malaysia,471,2019
Akaroa,Mexico,608,2019
Akaroa,Netherlands,731,2019
Akaroa,New Zealand,10520,2019
Akaroa,Norway,128,2019
Akaroa,Philippines,415,2019
Akaroa,Poland,167,2019
Akaroa,Portugal,177,2019
Akaroa,Russia,442,2019
Akaroa,Singapore,300,2019
Akaroa,South Africa,285,2019
Akaroa,Spain,354,2019
Akaroa,Sweden,242,2019
Akaroa,Switzerland,418,2019
Akaroa,Taiwan,707,2019
Akaroa,Thailand,124,2019
Akaroa,United Kingdom,12003,2019
Akaroa,United States of America,43116,2019
Auckland,Argentina,305,2019
Auckland,Australia,115541,2019
Auckland,Austria,617,2019
Auckland,Belgium,270,2019
Auckland,Brazil,421,2019
Auckland,Canada,9284,2019
Auckland,Chile,200,2019
Auckland,"China, Peoples Republic of",3744,2019
Auckland,Denmark,294,2019
Auckland,Finland,156,2019
Auckland,France,1856,2019
Auckland,Germany,5620,2019
Auckland,Hong Kong (Special Admin Reg),528,2019
Auckland,India,347,2019
Auckland,Indonesia,252,2019
Auckland,Ireland,322,2019
Auckland,Israel,429,2019
Auckland,Italy,818,2019
Auckland,Japan,830,2019
Auckland,"Korea, Republic of",325,2019
Auckland,Malaysia,522,2019
Auckland,Mexico,576,2019
Auckland,Netherlands,931,2019
Auckland,New Zealand,31907,2019
Auckland,Norway,218,2019
Auckland,Philippines,406,2019
Auckland,Poland,184,2019
Auckland,Portugal,217,2019
Auckland,Russia,471,2019
Auckland,Singapore,343,2019
Auckland,South Africa,369,2019
Auckland,Spain,698,2019
Auckland,Sweden,290,2019
Auckland,Switzerland,1172,2019
Auckland,Taiwan,634,2019
Auckland,Thailand,142,2019
Auckland,Ukraine,118,2019
Auckland,United Kingdom,13468,2019
Auckland,United States of America,42607,2019
Bay of Islands,Argentina,149,2019
Bay of Islands,Australia,66176,2019
Bay of Islands,Austria,358,2019
Bay of Islands,Belgium,230,2019
Bay of Islands,Brazil,208,2019
Bay of Islands,Canada,5125,2019
Bay of Islands,Chile,108,2019
Bay of Islands,"China, Peoples Republic of",1503,2019
Bay of Islands,Denmark,263,2019
Bay of Islands,Finland,101,2019
Bay of Islands,France,1178,2019
Bay of Islands,Germany,4470,2019
Bay of Islands,Hong Kong (Special Admin Reg),290,2019
Bay of Islands,India,125,2019
Bay of Islands,Indonesia,142,2019
Bay of Islands,Ireland,186,2019
Bay of Islands,Israel,264,2019
Bay of Islands,Italy,414,2019
Bay of Islands,Japan,372,2019
Bay of Islands,"Korea, Republic of",151,2019
Bay of Islands,Malaysia,219,2019
Bay of Islands,Mexico,322,2019
Bay of Islands,Netherlands,485,2019
Bay of Islands,New Zealand,6092,2019
Bay of Islands,Norway,194,2019
Bay of Islands,Philippines,165,2019
Bay of Islands,Portugal,193,2019
Bay of Islands,Russia,313,2019
Bay of Islands,Singapore,169,2019
Bay of Islands,South Africa,175,2019
Bay of Islands,Spain,294,2019
Bay of Islands,Sweden,229,2019
Bay of Islands,Switzerland,793,2019
Bay of Islands,Taiwan,314,2019
Bay of Islands,United Kingdom,8709,2019
Bay of Islands,United States of America,21358,2019
Bluff,Germany,786,2019
Dunedin,Argentina,322,2019
Dunedin,Australia,127201,2019
Dunedin,Austria,390,2019
Dunedin,Belgium,182,2019
Dunedin,Brazil,394,2019
Dunedin,Bulgaria,106,2019
Dunedin,Canada,10680,2019
Dunedin,Chile,242,2019
Dunedin,"China, Peoples Republic of",4091,2019
Dunedin,Colombia,102,2019
Dunedin,Denmark,366,2019
Dunedin,Finland,178,2019
Dunedin,France,588,2019
Dunedin,Germany,3983,2019
Dunedin,Hong Kong (Special Admin Reg),677,2019
Dunedin,India,380,2019
Dunedin,Indonesia,386,2019
Dunedin,Ireland,317,2019
Dunedin,Israel,505,2019
Dunedin,Italy,303,2019
Dunedin,Japan,1039,2019
Dunedin,"Korea, Republic of",352,2019
Dunedin,Malaysia,639,2019
Dunedin,Mexico,851,2019
Dunedin,Netherlands,757,2019
Dunedin,New Zealand,10960,2019
Dunedin,Norway,173,2019
Dunedin,Philippines,489,2019
Dunedin,Poland,157,2019
Dunedin,Portugal,226,2019
Dunedin,Romania,116,2019
Dunedin,Russia,515,2019
Dunedin,Singapore,476,2019
Dunedin,South Africa,384,2019
Dunedin,Spain,402,2019
Dunedin,Sweden,297,2019
Dunedin,Switzerland,536,2019
Dunedin,Taiwan,750,2019
Dunedin,Thailand,201,2019
Dunedin,United Kingdom,13464,2019
Dunedin,United States of America,52331,2019
Fiordland,Argentina,315,2019
Fiordland,Australia,117050,2019
Fiordland,Austria,391,2019
Fiordland,Belgium,170,2019
Fiordland,Brazil,436,2019
Fiordland,Bulgaria,106,2019
Fiordland,Canada,10648,2019
Fiordland,Chile,241,2019
Fiordland,"China, Peoples Republic of",3987,2019
Fiordland,Colombia,102,2019
Fiordland,Denmark,370,2019
Fiordland,Finland,168,2019
Fiordland,France,520,2019
Fiordland,Germany,3978,2019
Fiordland,Hong Kong (Special Admin Reg),676,2019
Fiordland,India,348,2019
Fiordland,Indonesia,329,2019
Fiordland,Ireland,303,2019
Fiordland,Israel,509,2019
Fiordland,Italy,292,2019
Fiordland,Japan,993,2019
Fiordland,"Korea, Republic of",350,2019
Fiordland,Malaysia,608,2019
Fiordland,Mexico,836,2019
Fiordland,Netherlands,729,2019
Fiordland,New Zealand,11353,2019
Fiordland,Norway,163,2019
Fiordland,Philippines,446,2019
Fiordland,Poland,171,2019
Fiordland,Portugal,208,2019
Fiordland,Romania,113,2019
Fiordland,Russia,536,2019
Fiordland,Singapore,447,2019
Fiordland,South Africa,381,2019
Fiordland,Spain,421,2019
Fiordland,Sweden,295,2019
Fiordland,Switzerland,529,2019
Fiordland,Taiwan,813,2019
Fiordland,Thailand,196,2019
Fiordland,United Kingdom,12816,2019
Fiordland,United States of America,47612,2019
Gisborne,Australia,14979,2019
Gisborne,Canada,478,2019
Gisborne,"China, Peoples Republic of",235,2019
Gisborne,Germany,210,2019
Gisborne,New Zealand,901,2019
Gisborne,United Kingdom,1221,2019
Gisborne,United States of America,3258,2019
Golden Bay,Germany,426,2019
Kaikoura,Australia,601,2019
Kaikoura,Canada,224,2019
Kaikoura,New Zealand,278,2019
Kaikoura,United Kingdom,456,2019
Kaikoura,United States of America,1534,2019
Lyttelton,Australia,519,2019
Lyttelton,Austria,100,2019
Lyttelton,Canada,301,2019
Lyttelton,Germany,1158,2019
Lyttelton,New Zealand,217,2019
Lyttelton,Switzerland,170,2019
Lyttelton,United Kingdom,612,2019
Lyttelton,United States of America,5057,2019
Marlborough Sounds,Australia,51813,2019
Marlborough Sounds,Austria,220,2019
Marlborough Sounds,Brazil,177,2019
Marlborough Sounds,Canada,3817,2019
Marlborough Sounds,"China, Peoples Republic of",1389,2019
Marlborough Sounds,Denmark,184,2019
Marlborough Sounds,Finland,107,2019
Marlborough Sounds,France,356,2019
Marlborough Sounds,Germany,2328,2019
Marlborough Sounds,Hong Kong (Special Admin Reg),303,2019
Marlborough Sounds,India,154,2019
Marlborough Sounds,Indonesia,227,2019
Marlborough Sounds,Ireland,153,2019
Marlborough Sounds,Israel,156,2019
Marlborough Sounds,Italy,127,2019
Marlborough Sounds,Japan,187,2019
Marlborough Sounds,"Korea, Republic of",192,2019
Marlborough Sounds,Malaysia,239,2019
Marlborough Sounds,Mexico,475,2019
Marlborough Sounds,Netherlands,432,2019
Marlborough Sounds,New Zealand,3002,2019
Marlborough Sounds,Philippines,177,2019
Marlborough Sounds,Russia,230,2019
Marlborough Sounds,Singapore,267,2019
Marlborough Sounds,South Africa,203,2019
Marlborough Sounds,Spain,179,2019
Marlborough Sounds,Sweden,150,2019
Marlborough Sounds,Switzerland,346,2019
Marlborough Sounds,Taiwan,193,2019
Marlborough Sounds,Thailand,101,2019
Marlborough Sounds,United Kingdom,6008,2019
Marlborough Sounds,United States of America,17889,2019
Napier,Argentina,221,2019
Napier,Australia,57837,2019
Napier,Austria,289,2019
Napier,Belgium,102,2019
Napier,Brazil,265,2019
Napier,Canada,5506,2019
Napier,Chile,107,2019
Napier,"China, Peoples Republic of",1755,2019
Napier,Denmark,104,2019
Napier,France,345,2019
Napier,Germany,3073,2019
Napier,Hong Kong (Special Admin Reg),399,2019
Napier,India,179,2019
Napier,Indonesia,183,2019
Napier,Ireland,141,2019
Napier,Israel,308,2019
Napier,Italy,153,2019
Napier,Japan,408,2019
Napier,"Korea, Republic of",227,2019
Napier,Malaysia,294,2019
Napier,Mexico,359,2019
Napier,Netherlands,509,2019
Napier,New Zealand,5418,2019
Napier,Philippines,241,2019
Napier,Poland,111,2019
Napier,Russia,183,2019
Napier,Singapore,297,2019
Napier,South Africa,197,2019
Napier,Spain,252,2019
Napier,Sweden,123,2019
Napier,Switzerland,396,2019
Napier,Taiwan,335,2019
Napier,Thailand,129,2019
Napier,United Kingdom,6536,2019
Napier,United States of America,28809,2019
Nelson,Australia,748,2019
Nelson,Canada,291,2019
Nelson,Germany,492,2019
Nelson,New Zealand,248,2019
Nelson,United Kingdom,421,2019
Nelson,United States of America,1759,2019
New Plymouth,Australia,292,2019
New Plymouth,United States of America,278,2019
Stewart Island,Australia,723,2019
Stewart Island,Austria,109,2019
Stewart Island,Canada,351,2019
Stewart Island,Germany,1192,2019
Stewart Island,New Zealand,336,2019
Stewart Island,Switzerland,160,2019
Stewart Island,United Kingdom,697,2019
Stewart Island,United States of America,2744,2019
Sub-Antarctic islands,Australia,144,2019
Tauranga,Argentina,335,2019
Tauranga,Australia,113630,2019
Tauranga,Austria,552,2019
Tauranga,Belgium,217,2019
Tauranga,Brazil,441,2019
Tauranga,Canada,11117,2019
Tauranga,Chile,241,2019
Tauranga,"China, Peoples Republic of",3715,2019
Tauranga,Denmark,434,2019
Tauranga,Finland,199,2019
Tauranga,France,1088,2019
Tauranga,Germany,5387,2019
Tauranga,Hong Kong (Special Admin Reg),638,2019
Tauranga,India,291,2019
Tauranga,Indonesia,316,2019
Tauranga,Ireland,341,2019
Tauranga,Israel,490,2019
Tauranga,Italy,573,2019
Tauranga,Japan,815,2019
Tauranga,"Korea, Republic of",319,2019
Tauranga,Malaysia,563,2019
Tauranga,Mexico,623,2019
Tauranga,Netherlands,849,2019
Tauranga,New Zealand,11575,2019
Tauranga,Norway,209,2019
Tauranga,Philippines,439,2019
Tauranga,Poland,187,2019
Tauranga,Portugal,258,2019
Tauranga,Russia,494,2019
Tauranga,Singapore,380,2019
Tauranga,South Africa,292,2019
Tauranga,Spain,611,2019
Tauranga,Sweden,352,2019
Tauranga,Switzerland,912,2019
Tauranga,Taiwan,785,2019
Tauranga,Thailand,146,2019
Tauranga,Ukraine,119,2019
Tauranga,United Kingdom,14632,2019
Tauranga,United States of America,51431,2019
Wellington,Argentina,276,2019
Wellington,Australia,122638,2019
Wellington,Austria,375,2019
Wellington,Belgium,164,2019
Wellington,Brazil,346,2019
Wellington,Canada,9619,2019
Wellington,Chile,218,2019
Wellington,"China, Peoples Republic of",3539,2019
Wellington,Denmark,346,2019
Wellington,Finland,154,2019
Wellington,France,521,2019
Wellington,Germany,3897,2019
Wellington,Hong Kong (Special Admin Reg),628,2019
Wellington,India,348,2019
Wellington,Indonesia,262,2019
Wellington,Ireland,289,2019
Wellington,Israel,492,2019
Wellington,Italy,275,2019
Wellington,Japan,791,2019
Wellington,"Korea, Republic of",318,2019
Wellington,Malaysia,602,2019
Wellington,Mexico,713,2019
Wellington,Netherlands,744,2019
Wellington,New Zealand,9059,2019
Wellington,Norway,174,2019
Wellington,Philippines,454,2019
Wellington,Poland,191,2019
Wellington,Portugal,210,2019
Wellington,Romania,113,2019
Wellington,Russia,508,2019
Wellington,Singapore,463,2019
Wellington,South Africa,333,2019
Wellington,Spain,389,2019
Wellington,Sweden,274,2019
Wellington,Switzerland,592,2019
Wellington,Taiwan,659,2019
Wellington,Thailand,197,2019
Wellington,United Kingdom,12734,2019
Wellington,United States of America,47335,2019
Akaroa,Total,127739,2015
Akaroa,Total,128739,2016
Akaroa,Total,145391,2017
Akaroa,Total,127582,2018
Akaroa,Total,187773,2019
Auckland,Total,179430,2015
Auckland,Total,217243,2016
Auckland,Total,193220,2017
Auckland,Total,211352,2018
Auckland,Total,238975,2019
Bay of Islands,Total,59084,2015
Bay of Islands,Total,111095,2016
Bay of Islands,Total,88803,2017
Bay of Islands,Total,103525,2018
Bay of Islands,Total,122989,2019
Bluff,Total,200,2016
Bluff,Total,1801,2017
Bluff,Total,164,2018
Bluff,Total,1073,2019
Chatham Islands,Total,185,2015
Dunedin,Total,131407,2015
Dunedin,Total,145682,2016
Dunedin,Total,162299,2017
Dunedin,Total,179564,2018
Dunedin,Total,237754,2019
Fiordland,Total,134412,2015
Fiordland,Total,150063,2016
Fiordland,Total,164321,2017
Fiordland,Total,168643,2018
Fiordland,Total,222161,2019
Gisborne,Total,28270,2016
Gisborne,Total,30049,2017
Gisborne,Total,7129,2018
Gisborne,Total,22143,2019
Golden Bay,Total,520,2015
Golden Bay,Total,264,2017
Golden Bay,Total,576,2019
Kaikoura,Total,1496,2015
Kaikoura,Total,1660,2017
Kaikoura,Total,1730,2018
Kaikoura,Total,3464,2019
Lyttelton,Total,612,2015
Lyttelton,Total,1286,2016
Lyttelton,Total,2487,2017
Lyttelton,Total,4578,2018
Lyttelton,Total,8507,2019
Marlborough Sounds,Total,51468,2015
Marlborough Sounds,Total,73992,2016
Marlborough Sounds,Total,74864,2017
Marlborough Sounds,Total,78163,2018
Marlborough Sounds,Total,92979,2019
Mercury Bay,Total,264,2017
Napier,Total,96002,2015
Napier,Total,80061,2016
Napier,Total,88262,2017
Napier,Total,101781,2018
Napier,Total,116779,2019
Nelson,Total,1101,2015
Nelson,Total,2143,2017
Nelson,Total,834,2018
Nelson,Total,4302,2019
New Plymouth,Total,133,2016
New Plymouth,Total,1182,2017
New Plymouth,Total,781,2019
Stewart Island,Total,3132,2015
Stewart Island,Total,3369,2016
Stewart Island,Total,4713,2017
Stewart Island,Total,8325,2018
Stewart Island,Total,6733,2019
Sub-Antarctic islands,Total,242,2015
Sub-Antarctic islands,Total,200,2016
Sub-Antarctic islands,Total,627,2017
Sub-Antarctic islands,Total,364,2019
Tauranga,Total,147518,2015
Tauranga,Total,164435,2016
Tauranga,Total,153735,2017
Tauranga,Total,152509,2018
Tauranga,Total,227358,2019
Timaru,Total,2089,2015
Timaru,Total,2546,2017
Wellington,Total,139331,2015
Wellington,Total,161335,2016
Wellington,Total,163871,2017
Wellington,Total,162223,2018
Wellington,Total,222448,2019
